batch,M,N,K,Triton
16.000000,32.000000,512.000000,128.000000,0.128934
